CustomerID,Nombre,Edad,Email
100,Veronica,66,kpatel@yahoo.com
101,Fernando,19,codywong@hotmail.com
102,Deborah,19,thomaslauren@nguyen.com
103,Kimberly,45,amysampson@gmail.com
104,Brett,40,jonathancaldwell@hotmail.com
105,Cindy,54,william08@gmail.com
106,Mary,49,sholder@hotmail.com
107,Grant,50,matthewgarcia@roy.com
108,Brooke,18,bergerluis@hotmail.com
109,Dana,36,carolyn88@gmail.com
110,Lisa,19,huntsandra@yahoo.com
111,Elizabeth,61,robert26@gmail.com
112,Jared,43,iblackburn@mcfarland.com
113,Jamie,49,jhutchinson@hotmail.com
114,Eric,23,powellsandra@hotmail.com
115,Alan,49,jennifer81@hotmail.com
116,Katie,21,rmorrison@leonard-howard.info
117,Joshua,28,angelgriffin@taylor.com
118,Joseph,34,xshaw@hotmail.com
119,Tracey,55,dylan08@yahoo.com
120,Wendy,41,zmoore@hotmail.com
121,Heather,22,oterrell@yahoo.com
122,Paul,69,sallen@hart-shields.org
123,Kimberly,51,anne85@perkins.com
124,Michelle,23,rittercrystal@gmail.com
125,Colleen,39,cookkelly@dixon-kelley.com
126,Michael,28,athompson@gordon.info
127,Thomas,65,heidilevine@whitehead.com
128,Charles,33,iruiz@johnson-benitez.com
129,Heather,50,rwilliams@hoffman.com
130,James,26,ogarrett@scott.com
131,Dawn,23,rebecca37@yahoo.com
132,Bernard,33,bhaney@harris-pacheco.com
133,Ernest,46,destinymacias@gmail.com
134,Jeremy,20,elizabeth55@gmail.com
135,Zachary,37,bbarber@yahoo.com
136,Stephanie,53,jason02@hotmail.com
137,Jason,36,villarrealbrandon@stevens.com
138,Kendra,43,brooke22@gmail.com
139,Jasmine,20,melaniewebb@gmail.com
140,Craig,36,mckaybridget@salas-santos.com
141,Tina,37,joshua27@hotmail.com
142,Shane,49,sean66@gmail.com
143,Monica,24,johnprice@bradshaw.com
144,Eric,69,ibryant@lopez-cross.com
145,Beth,58,samantha94@krueger-white.biz
146,Randall,50,ssummers@hotmail.com
147,Philip,57,miranda42@yahoo.com
148,Curtis,56,kristine45@carney.com
149,Ruth,35,rachelweiss@gmail.com
